epoch,train_loss,val_mIoU,best_iou,epoch_time_s
1,0.247281,0.040933,0.040933,291.12
2,0.102025,0.083127,0.083127,289.33
