epoch,train_loss,val_mIoU,best_iou,epoch_time_s
1,0.212216,0.012354,0.012354,51.98
2,0.096741,0.059890,0.059890,48.82
3,0.082760,0.070131,0.070131,49.40
